machine_id,date,issue,diagnosis,fix,outcome
M01,4/6/2025,Spindle temperature rose during a long cycle,Cooling airflow was restricted by dust,Cooling fan assembly was replaced and airflow verified.,Thermal readings remained stable during the test cycle.
M01,5/27/2025,Grinding noise from the drive-end bearing,Grease condition was poor and radial play was above the normal range,Bearing assembly was replaced after confirming excessive wear.,Bearing temperature returned to normal; monitoring continued.
M01,7/15/2025,Motor tripped while accelerating,Feed mechanism had excessive mechanical resistance,The dull cutting tool was replaced and feed rate checked.,Drive operated normally under load.
M01,8/29/2025,Pressure readings remained offset,Connector resistance caused unstable readings,Connector was cleaned and the sensor recalibrated.,Monitoring accuracy was restored.
M01,10/6/2025,Alignment check showed abnormal coupling movement,Shaft alignment had shifted after previous maintenance,Coupling was realigned using a dial indicator and bolts retorqued.,Drive tracking was stable during the test cycle.
M01,12/7/2025,Lubrication pressure was lower than normal,A lubrication line was partially restricted,Reservoir was topped up with the specified lubricant.,Machine returned to routine operation with monitoring.
M01,1/28/2026,Coolant was found beneath the machine,Hose clamp and seal had deteriorated,Cracked hose was replaced and the system pressure-tested.,No further seepage was found during inspection.
M01,3/30/2026,Operator heard intermittent knocking,A mounting bolt had loosened,Coupling was realigned and fasteners retorqued.,Vibration fell back within the service limit.
M01,5/25/2026,Cutting insert exceeded its wear limit,Cutting edge was chipped from extended high-load work,Cutting insert was replaced and tool offset reset.,New tool completed the verification cycle without abnormal wear.
M01,7/26/2026,Machine stopped with an electrical fault indication,A cooling fan fuse had failed,"Communication connector was cleaned, reseated, and locked.",No repeat fault occurred during the verification run.
M02,4/12/2025,Technician found dry grease around the bearing housing,Grease interval had been exceeded,Lubrication line was flushed and pressure verified.,Bearing temperature remained normal after service.
M02,6/7/2025,Operator heard intermittent knocking,Drive coupling was slightly misaligned,Loose mounting hardware was secured and vibration readings repeated.,Vibration fell back within the service limit.
M02,8/6/2025,Pressure readings remained offset,Sensor mounting had loosened and affected measurements,Offset was corrected and readings verified across the operating range.,Readings matched the reference within tolerance.
M02,9/16/2025,A small drip was seen near the pump,Pump seal was worn,Hose clamp and deteriorated seal were replaced.,Machine resumed operation without coolant loss.
M02,11/18/2025,Thermal alarm appeared during extended production,Cooling fan performance had deteriorated,The heat exchanger was flushed and coolant flow restored.,Thermal readings remained stable during the test cycle.
M02,12/30/2025,Pulley tracking was uneven,Shaft alignment had shifted after previous maintenance,Drive train was realigned and test vibration measurements recorded.,Drive tracking was stable during the test cycle.
M02,2/10/2026,Bearing temperature was trending upward,Bearing preload had loosened slightly,Bearing was cleaned and regreased; play was checked.,Noise reduced and machine released for production.
M02,4/13/2026,Motor overload trip occurred during production,A dull tool increased cutting load,The dull cutting tool was replaced and feed rate checked.,Drive operated normally under load.
M02,6/6/2026,Tool wear alarm triggered earlier than expected,Tool offset had drifted after prolonged use,Damaged tool was replaced and spindle/tool height verified.,Surface finish was restored.
M02,7/27/2026,Drive communication dropped intermittently,A terminal connection was loose,Loose terminal was secured and the control circuit tested.,Electrical readings were within specification.
M03,4/25/2025,Low lubrication alarm was displayed,A lubrication line was partially restricted,Old contaminated grease was removed and fresh grease applied.,Bearing temperature remained normal after service.
M03,6/10/2025,Motor casing felt hotter than normal,Cooling airflow was restricted by dust,The heat exchanger was flushed and coolant flow restored.,No further temperature alarms were observed.
M03,7/15/2025,Motor overload trip occurred during production,Drive bearings were beginning to seize,Drive bearing was replaced and motor current tested.,No further overload trips occurred during testing.
M03,8/20/2025,Cutting insert exceeded its wear limit,Flank wear was beyond the permitted threshold,Cutting insert was replaced and tool offset reset.,Surface finish was restored.
M03,10/20/2025,Coolant was found beneath the machine,Pump seal was worn,Pump mechanical seal was replaced and leakage checked.,Machine resumed operation without coolant loss.
M03,12/24/2025,Shaft vibration suggested an alignment problem,Pulley faces were not parallel,Drive train was realigned and test vibration measurements recorded.,Vibration improved and the machine was returned to service.
M03,2/26/2026,Bearing temperature was trending upward,Bearing race had visible wear,Bearing assembly was replaced after confirming excessive wear.,Spindle performance was restored after testing.
M03,4/16/2026,Vibration readings increased during high-speed operation,Drive coupling was slightly misaligned,Loose mounting hardware was secured and vibration readings repeated.,Noise was no longer present during the test run.
M03,5/23/2026,Pressure readings remained offset,Sensor calibration had shifted from the reference value,Connector was cleaned and the sensor recalibrated.,Sensor output remained stable during the test cycle.
M03,6/27/2026,Machine stopped with an electrical fault indication,A terminal connection was loose,Contactor was replaced and switching operation verified.,Control system remained stable during testing.
M04,4/18/2025,Operator reported a rough bearing sound,Bearing preload had loosened slightly,The worn bearing was replaced and shaft condition verified.,Noise reduced and machine released for production.
M04,5/26/2025,Technician found dry grease around the bearing housing,A lubrication line was partially restricted,Service interval was reset after replenishing the correct grease.,Machine returned to routine operation with monitoring.
M04,7/14/2025,Spindle temperature rose during a long cycle,Cooling airflow was restricted by dust,Cooling passages and fan guard were cleaned.,No further temperature alarms were observed.
M04,9/10/2025,Motor tripped while accelerating,Feed mechanism had excessive mechanical resistance,The dull cutting tool was replaced and feed rate checked.,No further overload trips occurred during testing.
M04,10/21/2025,Motor contactor was not switching reliably,Contactor contacts were worn,Failed fuse was replaced and cabinet wiring inspected.,Machine restarted normally and returned to production.
M04,12/3/2025,Vibration readings increased during high-speed operation,A mounting bolt had loosened,Coupling was realigned and fasteners retorqued.,Post-repair vibration readings were acceptable.
M04,2/1/2026,Tool wear alarm triggered earlier than expected,Flank wear was beyond the permitted threshold,Cutting insert was replaced and tool offset reset.,Cutting quality returned to specification.
M04,4/6/2026,Vibration sensor values were higher than expected,Connector resistance caused unstable readings,Sensor was remounted securely and calibration was confirmed.,Calibration check passed and the machine was released.
M04,5/26/2026,Shaft vibration suggested an alignment problem,Shaft alignment had shifted after previous maintenance,Coupling was realigned using a dial indicator and bolts retorqued.,Vibration improved and the machine was returned to service.
M04,7/12/2026,Coolant was found beneath the machine,Hose clamp and seal had deteriorated,Loose fitting was tightened and the sealing washer replaced.,Machine resumed operation without coolant loss.
M05,4/14/2025,Motor overload trip occurred during production,Material buildup was restricting the moving assembly,The dull cutting tool was replaced and feed rate checked.,Motor current returned to the expected range.
M05,6/18/2025,Alignment check showed abnormal coupling movement,Mounting feet were not sitting evenly,Coupling was realigned using a dial indicator and bolts retorqued.,Alignment was within tolerance after correction.
M05,8/13/2025,Control panel restarted unexpectedly,A cooling fan fuse had failed,Loose terminal was secured and the control circuit tested.,Machine restarted normally and returned to production.
M05,10/5/2025,Spindle temperature rose during a long cycle,Cooling airflow was restricted by dust,Air filter was changed and cabinet ventilation checked.,Cooling performance was restored and production resumed.
M05,12/8/2025,A small drip was seen near the pump,Pump seal was worn,Loose fitting was tightened and the sealing washer replaced.,Cooling system passed the pressure check.
M05,1/20/2026,Vibration readings increased during high-speed operation,A mounting bolt had loosened,Pulley was balanced and belt tension corrected.,Post-repair vibration readings were acceptable.
M05,3/6/2026,Low lubrication alarm was displayed,Reservoir level had dropped below minimum,Service interval was reset after replenishing the correct grease.,Lubrication pressure stabilized and alarm cleared.
M05,4/12/2026,Bearing temperature was trending upward,Bearing race had visible wear,The worn bearing was replaced and shaft condition verified.,Spindle performance was restored after testing.
M05,6/14/2026,Temperature sensor readings appeared inconsistent,Connector resistance caused unstable readings,Offset was corrected and readings verified across the operating range.,Monitoring accuracy was restored.
M05,7/24/2026,Tool edge showed visible chipping,Cutting edge was chipped from extended high-load work,Cutting insert was replaced and tool offset reset.,Machining resumed with normal tool-life readings.
M06,5/7/2025,Cooling temperature exceeded the usual operating band,Cooling fan performance had deteriorated,The heat exchanger was flushed and coolant flow restored.,No further temperature alarms were observed.
M06,6/19/2025,Increased vibration was noticed at operating speed,Drive coupling was slightly misaligned,Worn coupling insert was replaced and alignment checked.,Machine ran smoothly at operating speed.
M06,7/25/2025,Motor overload trip occurred during production,Drive bearings were beginning to seize,The dull cutting tool was replaced and feed rate checked.,Machine resumed normal production.
M06,9/3/2025,Operator reported a rough bearing sound,Bearing preload had loosened slightly,Bearing was cleaned and regreased; play was checked.,Noise reduced and machine released for production.
M06,10/10/2025,Shaft vibration suggested an alignment problem,Drive coupling was offset from the motor shaft,Pulley alignment was corrected and belt tracking checked.,Vibration improved and the machine was returned to service.
M06,11/27/2025,Control panel restarted unexpectedly,A terminal connection was loose,"Communication connector was cleaned, reseated, and locked.",Electrical readings were within specification.
M06,1/29/2026,Temperature sensor readings appeared inconsistent,The sensor offset was no longer within tolerance,Connector was cleaned and the sensor recalibrated.,Sensor output remained stable during the test cycle.
M06,3/26/2026,Tool wear alarm triggered earlier than expected,Cutting edge was chipped from extended high-load work,Damaged tool was replaced and spindle/tool height verified.,New tool completed the verification cycle without abnormal wear.
M06,5/29/2026,Coolant level was falling faster than expected,Pump seal was worn,Pump mechanical seal was replaced and leakage checked.,Machine resumed operation without coolant loss.
M06,7/3/2026,Grease level was found below the service mark,A lubrication line was partially restricted,Service interval was reset after replenishing the correct grease.,Bearing temperature remained normal after service.
M07,4/26/2025,Drive current rose above the normal range,A dull tool increased cutting load,Feed mechanism was cleaned and lubricated.,No further overload trips occurred during testing.
M07,6/12/2025,Operator heard intermittent knocking,Pulley balance was outside the acceptable range,Coupling was realigned and fasteners retorqued.,Machine ran smoothly at operating speed.
M07,7/28/2025,Thermal alarm appeared during extended production,Coolant flow to the heat exchanger was reduced,Cooling passages and fan guard were cleaned.,Operating temperature returned to the normal range.
M07,9/29/2025,Surface finish deteriorated during machining,The insert had reached the programmed tool-life limit,New inserts were fitted and machining parameters reviewed.,Cutting quality returned to specification.
M07,11/6/2025,Operator reported a rough bearing sound,Bearing race had visible wear,Bearing preload was reset and fresh grease applied.,Machine passed the post-maintenance run.
M07,12/30/2025,Alignment check showed abnormal coupling movement,Shaft alignment had shifted after previous maintenance,Machine feet were leveled and shaft alignment corrected.,Drive tracking was stable during the test cycle.
M07,2/4/2026,Motor contactor was not switching reliably,A terminal connection was loose,Contactor was replaced and switching operation verified.,Electrical readings were within specification.
M07,3/24/2026,Low lubrication alarm was displayed,A lubrication line was partially restricted,Lubrication line was flushed and pressure verified.,Lubrication pressure stabilized and alarm cleared.
M07,5/21/2026,Pressure readings remained offset,The sensor offset was no longer within tolerance,Sensor was remounted securely and calibration was confirmed.,Monitoring accuracy was restored.
M07,7/7/2026,A small drip was seen near the pump,Pump seal was worn,Pump mechanical seal was replaced and leakage checked.,Machine resumed operation without coolant loss.
M08,5/14/2025,Pulley tracking was uneven,Shaft alignment had shifted after previous maintenance,Drive train was realigned and test vibration measurements recorded.,No abnormal movement was observed afterward.
M08,7/9/2025,A rattling sound developed during acceleration,Coupling insert showed wear,Loose mounting hardware was secured and vibration readings repeated.,Vibration fell back within the service limit.
M08,8/22/2025,Motor tripped while accelerating,Feed mechanism had excessive mechanical resistance,The dull cutting tool was replaced and feed rate checked.,Machine resumed normal production.
M08,10/3/2025,Cutting insert exceeded its wear limit,The insert had reached the programmed tool-life limit,Cutting insert was replaced and tool offset reset.,Cutting quality returned to specification.
M08,11/14/2025,Motor contactor was not switching reliably,A terminal connection was loose,Failed fuse was replaced and cabinet wiring inspected.,No repeat fault occurred during the verification run.
M08,1/16/2026,Bearing temperature was trending upward,Bearing preload had loosened slightly,Bearing assembly was replaced after confirming excessive wear.,Machine passed the post-maintenance run.
M08,2/27/2026,Coolant level was falling faster than expected,Return hose had a small crack,Cracked hose was replaced and the system pressure-tested.,Machine resumed operation without coolant loss.
M08,4/10/2026,Motor casing felt hotter than normal,Ventilation filter was heavily loaded,Cooling passages and fan guard were cleaned.,Thermal readings remained stable during the test cycle.
M08,6/13/2026,Low lubrication alarm was displayed,Grease interval had been exceeded,Old contaminated grease was removed and fresh grease applied.,Machine returned to routine operation with monitoring.
M08,8/8/2026,Pressure readings remained offset,Sensor mounting had loosened and affected measurements,Sensor was remounted securely and calibration was confirmed.,Calibration check passed and the machine was released.
M09,5/5/2025,Increased vibration was noticed at operating speed,Pulley balance was outside the acceptable range,Loose mounting hardware was secured and vibration readings repeated.,Machine ran smoothly at operating speed.
M09,6/19/2025,Drive communication dropped intermittently,A terminal connection was loose,Contactor was replaced and switching operation verified.,Machine restarted normally and returned to production.
M09,7/31/2025,Operator noticed coolant around the side panel,Pump seal was worn,Pump mechanical seal was replaced and leakage checked.,Leak stopped and coolant level remained stable.
M09,9/17/2025,Load sensor output drifted from the reference,The sensor offset was no longer within tolerance,Sensor was remounted securely and calibration was confirmed.,Calibration check passed and the machine was released.
M09,10/23/2025,Motor casing felt hotter than normal,Ventilation filter was heavily loaded,Air filter was changed and cabinet ventilation checked.,Operating temperature returned to the normal range.
M09,12/24/2025,Machine alignment was outside the service tolerance,Shaft alignment had shifted after previous maintenance,Coupling was realigned using a dial indicator and bolts retorqued.,Drive tracking was stable during the test cycle.
M09,2/6/2026,Tool edge showed visible chipping,Tool offset had drifted after prolonged use,Worn tooling was changed and the tool-life counter updated.,Surface finish was restored.
M09,3/20/2026,Motor tripped while accelerating,Material buildup was restricting the moving assembly,Material buildup was removed and the moving assembly serviced.,Motor current returned to the expected range.
M09,5/6/2026,Slight play detected at the spindle bearing,Bearing preload had loosened slightly,The worn bearing was replaced and shaft condition verified.,Machine passed the post-maintenance run.
M09,7/9/2026,Grease level was found below the service mark,Reservoir level had dropped below minimum,Service interval was reset after replenishing the correct grease.,Lubrication pressure stabilized and alarm cleared.
M10,4/29/2025,Thermal alarm appeared during extended production,Coolant flow to the heat exchanger was reduced,The heat exchanger was flushed and coolant flow restored.,No further temperature alarms were observed.
M10,6/11/2025,Machine alignment was outside the service tolerance,Pulley faces were not parallel,Coupling was realigned using a dial indicator and bolts retorqued.,No abnormal movement was observed afterward.
M10,7/16/2025,Increased vibration was noticed at operating speed,Pulley balance was outside the acceptable range,Loose mounting hardware was secured and vibration readings repeated.,Vibration fell back within the service limit.
M10,9/13/2025,Coolant was found beneath the machine,Return hose had a small crack,Pump mechanical seal was replaced and leakage checked.,Cooling system passed the pressure check.
M10,11/13/2025,Tool wear alarm triggered earlier than expected,The insert had reached the programmed tool-life limit,Worn tooling was changed and the tool-life counter updated.,New tool completed the verification cycle without abnormal wear.
M10,1/2/2026,Temperature sensor readings appeared inconsistent,Connector resistance caused unstable readings,Sensor was remounted securely and calibration was confirmed.,Monitoring accuracy was restored.
M10,3/2/2026,Slight play detected at the spindle bearing,Grease condition was poor and radial play was above the normal range,Bearing was cleaned and regreased; play was checked.,Bearing temperature returned to normal; monitoring continued.
M10,5/6/2026,Motor tripped while accelerating,Feed mechanism had excessive mechanical resistance,Feed mechanism was cleaned and lubricated.,Machine resumed normal production.
M10,6/28/2026,Motor contactor was not switching reliably,A cooling fan fuse had failed,Contactor was replaced and switching operation verified.,Control system remained stable during testing.
M10,8/20/2026,Grease level was found below the service mark,Reservoir level had dropped below minimum,Lubrication line was flushed and pressure verified.,Lubrication pressure stabilized and alarm cleared.
M11,5/22/2025,Load sensor output drifted from the reference,Sensor mounting had loosened and affected measurements,Sensor was recalibrated against a known reference.,Calibration check passed and the machine was released.
M11,7/26/2025,Slight play detected at the spindle bearing,Bearing preload had loosened slightly,The worn bearing was replaced and shaft condition verified.,Machine passed the post-maintenance run.
M11,9/4/2025,Lubrication pressure was lower than normal,Grease interval had been exceeded,Service interval was reset after replenishing the correct grease.,Machine returned to routine operation with monitoring.
M11,11/4/2025,Motor tripped while accelerating,Drive bearings were beginning to seize,The dull cutting tool was replaced and feed rate checked.,Motor current returned to the expected range.
M11,12/17/2025,Tool edge showed visible chipping,The insert had reached the programmed tool-life limit,Damaged tool was replaced and spindle/tool height verified.,Surface finish was restored.
M11,1/31/2026,Increased vibration was noticed at operating speed,Coupling insert showed wear,Pulley was balanced and belt tension corrected.,Noise was no longer present during the test run.
M11,3/22/2026,Coolant level was falling faster than expected,A fitting had loosened,Loose fitting was tightened and the sealing washer replaced.,No further seepage was found during inspection.
M11,5/4/2026,Pulley tracking was uneven,Drive coupling was offset from the motor shaft,Machine feet were leveled and shaft alignment corrected.,Alignment was within tolerance after correction.
M11,6/15/2026,Thermal alarm appeared during extended production,Ventilation filter was heavily loaded,Cooling fan assembly was replaced and airflow verified.,No further temperature alarms were observed.
M11,8/9/2026,Motor contactor was not switching reliably,A cooling fan fuse had failed,Loose terminal was secured and the control circuit tested.,Control system remained stable during testing.
M12,5/20/2025,Motor tripped while accelerating,Drive bearings were beginning to seize,Material buildup was removed and the moving assembly serviced.,Machine resumed normal production.
M12,7/3/2025,Surface finish deteriorated during machining,The insert had reached the programmed tool-life limit,Cutting insert was replaced and tool offset reset.,New tool completed the verification cycle without abnormal wear.
M12,8/17/2025,Alignment check showed abnormal coupling movement,Mounting feet were not sitting evenly,Machine feet were leveled and shaft alignment corrected.,Vibration improved and the machine was returned to service.
M12,10/14/2025,Technician found dry grease around the bearing housing,A lubrication line was partially restricted,Lubrication line was flushed and pressure verified.,Lubrication pressure stabilized and alarm cleared.
M12,12/14/2025,Motor casing felt hotter than normal,Coolant flow to the heat exchanger was reduced,Cooling fan assembly was replaced and airflow verified.,Cooling performance was restored and production resumed.
M12,1/23/2026,Operator heard intermittent knocking,Drive coupling was slightly misaligned,Loose mounting hardware was secured and vibration readings repeated.,Machine ran smoothly at operating speed.
M12,2/28/2026,Temperature sensor readings appeared inconsistent,The sensor offset was no longer within tolerance,Connector was cleaned and the sensor recalibrated.,Calibration check passed and the machine was released.
M12,4/7/2026,Machine stopped with an electrical fault indication,The communication connector had poor contact,Failed fuse was replaced and cabinet wiring inspected.,No repeat fault occurred during the verification run.
M12,5/26/2026,A small drip was seen near the pump,Pump seal was worn,Cracked hose was replaced and the system pressure-tested.,No further seepage was found during inspection.
M12,7/30/2026,Operator reported a rough bearing sound,Bearing showed early fatigue and dry spots,Bearing was cleaned and regreased; play was checked.,Machine passed the post-maintenance run.
M13,5/16/2025,Motor contactor was not switching reliably,Contactor contacts were worn,Failed fuse was replaced and cabinet wiring inspected.,No repeat fault occurred during the verification run.
M13,7/19/2025,Thermal alarm appeared during extended production,Coolant flow to the heat exchanger was reduced,Air filter was changed and cabinet ventilation checked.,Cooling performance was restored and production resumed.
M13,9/10/2025,Grinding noise from the drive-end bearing,Bearing showed early fatigue and dry spots,The worn bearing was replaced and shaft condition verified.,Bearing temperature returned to normal; monitoring continued.
M13,10/23/2025,Coolant was found beneath the machine,Pump seal was worn,Pump mechanical seal was replaced and leakage checked.,Cooling system passed the pressure check.
M13,12/14/2025,Alignment check showed abnormal coupling movement,Mounting feet were not sitting evenly,Coupling was realigned using a dial indicator and bolts retorqued.,No abnormal movement was observed afterward.
M13,2/1/2026,Overload warning appeared under heavy load,Drive bearings were beginning to seize,Feed mechanism was cleaned and lubricated.,No further overload trips occurred during testing.
M13,3/17/2026,Operator heard intermittent knocking,Coupling insert showed wear,Coupling was realigned and fasteners retorqued.,Noise was no longer present during the test run.
M13,5/20/2026,Pressure readings remained offset,Connector resistance caused unstable readings,Sensor was remounted securely and calibration was confirmed.,Readings matched the reference within tolerance.
M13,7/11/2026,Cutting insert exceeded its wear limit,The insert had reached the programmed tool-life limit,New inserts were fitted and machining parameters reviewed.,New tool completed the verification cycle without abnormal wear.
M13,8/17/2026,Low lubrication alarm was displayed,Lubricant had degraded and contained contamination,Lubrication line was flushed and pressure verified.,Lubrication system passed the functional check.
M14,5/3/2025,Machine stopped with an electrical fault indication,A cooling fan fuse had failed,"Communication connector was cleaned, reseated, and locked.",Electrical readings were within specification.
M14,6/7/2025,Spindle temperature rose during a long cycle,Cooling fan performance had deteriorated,Cooling passages and fan guard were cleaned.,Cooling performance was restored and production resumed.
M14,7/30/2025,Temperature sensor readings appeared inconsistent,Connector resistance caused unstable readings,Sensor was remounted securely and calibration was confirmed.,Calibration check passed and the machine was released.
M14,10/2/2025,Lubrication pressure was lower than normal,Lubricant had degraded and contained contamination,Service interval was reset after replenishing the correct grease.,Machine returned to routine operation with monitoring.
M14,11/8/2025,Vibration readings increased during high-speed operation,Pulley balance was outside the acceptable range,Worn coupling insert was replaced and alignment checked.,Machine ran smoothly at operating speed.
M14,12/23/2025,Tool wear alarm triggered earlier than expected,The insert had reached the programmed tool-life limit,New inserts were fitted and machining parameters reviewed.,Surface finish was restored.
M14,2/18/2026,Machine alignment was outside the service tolerance,Pulley faces were not parallel,Drive train was realigned and test vibration measurements recorded.,Alignment was within tolerance after correction.
M14,4/8/2026,Motor overload trip occurred during production,Drive bearings were beginning to seize,Drive bearing was replaced and motor current tested.,Machine resumed normal production.
M14,5/16/2026,Operator noticed coolant around the side panel,Return hose had a small crack,Hose clamp and deteriorated seal were replaced.,Machine resumed operation without coolant loss.
M14,6/21/2026,Bearing temperature was trending upward,Bearing race had visible wear,Bearing assembly was replaced after confirming excessive wear.,Machine passed the post-maintenance run.
M15,5/3/2025,Bearing temperature was trending upward,Grease condition was poor and radial play was above the normal range,Bearing preload was reset and fresh grease applied.,Noise reduced and machine released for production.
M15,6/24/2025,Tool edge showed visible chipping,Flank wear was beyond the permitted threshold,Worn tooling was changed and the tool-life counter updated.,Cutting quality returned to specification.
M15,8/12/2025,Motor overload trip occurred during production,A dull tool increased cutting load,Material buildup was removed and the moving assembly serviced.,Machine resumed normal production.
M15,10/2/2025,Drive communication dropped intermittently,A cooling fan fuse had failed,Failed fuse was replaced and cabinet wiring inspected.,No repeat fault occurred during the verification run.
M15,11/13/2025,Thermal alarm appeared during extended production,Cooling fan performance had deteriorated,Air filter was changed and cabinet ventilation checked.,Thermal readings remained stable during the test cycle.
M15,1/16/2026,A rattling sound developed during acceleration,Drive coupling was slightly misaligned,Pulley was balanced and belt tension corrected.,Post-repair vibration readings were acceptable.
M15,3/2/2026,A small drip was seen near the pump,Return hose had a small crack,Loose fitting was tightened and the sealing washer replaced.,No further seepage was found during inspection.
M15,5/2/2026,Machine alignment was outside the service tolerance,Mounting feet were not sitting evenly,Drive train was realigned and test vibration measurements recorded.,No abnormal movement was observed afterward.
M15,6/17/2026,Lubrication pressure was lower than normal,Grease interval had been exceeded,Service interval was reset after replenishing the correct grease.,Lubrication system passed the functional check.
M15,8/18/2026,Vibration sensor values were higher than expected,Connector resistance caused unstable readings,Sensor was remounted securely and calibration was confirmed.,Sensor output remained stable during the test cycle.
M16,6/4/2025,Alignment check showed abnormal coupling movement,Mounting feet were not sitting evenly,Pulley alignment was corrected and belt tracking checked.,Alignment was within tolerance after correction.
M16,8/5/2025,Operator reported a rough bearing sound,Bearing showed early fatigue and dry spots,Bearing assembly was replaced after confirming excessive wear.,Noise reduced and machine released for production.
M16,10/2/2025,Grease level was found below the service mark,Grease interval had been exceeded,Old contaminated grease was removed and fresh grease applied.,Lubrication pressure stabilized and alarm cleared.
M16,11/21/2025,Drive communication dropped intermittently,The communication connector had poor contact,Failed fuse was replaced and cabinet wiring inspected.,Control system remained stable during testing.
M16,1/22/2026,Surface finish deteriorated during machining,Tool offset had drifted after prolonged use,New inserts were fitted and machining parameters reviewed.,Surface finish was restored.
M16,3/25/2026,Temperature sensor readings appeared inconsistent,Sensor calibration had shifted from the reference value,Connector was cleaned and the sensor recalibrated.,Monitoring accuracy was restored.
M16,5/6/2026,Motor overload trip occurred during production,Material buildup was restricting the moving assembly,Feed mechanism was cleaned and lubricated.,Motor current returned to the expected range.
M16,6/24/2026,A rattling sound developed during acceleration,Pulley balance was outside the acceptable range,Coupling was realigned and fasteners retorqued.,Vibration fell back within the service limit.
M16,8/8/2026,Coolant was found beneath the machine,A fitting had loosened,Loose fitting was tightened and the sealing washer replaced.,No further seepage was found during inspection.
M16,9/25/2026,Motor casing felt hotter than normal,Cooling fan performance had deteriorated,Air filter was changed and cabinet ventilation checked.,Thermal readings remained stable during the test cycle.
M17,5/21/2025,Operator heard intermittent knocking,Coupling insert showed wear,Pulley was balanced and belt tension corrected.,Vibration fell back within the service limit.
M17,7/23/2025,Load sensor output drifted from the reference,The sensor offset was no longer within tolerance,Connector was cleaned and the sensor recalibrated.,Readings matched the reference within tolerance.
M17,9/10/2025,Cooling temperature exceeded the usual operating band,Coolant flow to the heat exchanger was reduced,Air filter was changed and cabinet ventilation checked.,Cooling performance was restored and production resumed.
M17,10/29/2025,Motor tripped while accelerating,A dull tool increased cutting load,Material buildup was removed and the moving assembly serviced.,Drive operated normally under load.
M17,12/6/2025,Cutting insert exceeded its wear limit,Tool offset had drifted after prolonged use,New inserts were fitted and machining parameters reviewed.,Machining resumed with normal tool-life readings.
M17,2/1/2026,Pulley tracking was uneven,Drive coupling was offset from the motor shaft,Drive train was realigned and test vibration measurements recorded.,Drive tracking was stable during the test cycle.
M17,3/8/2026,Machine stopped with an electrical fault indication,A cooling fan fuse had failed,"Communication connector was cleaned, reseated, and locked.",Machine restarted normally and returned to production.
M17,5/1/2026,Lubrication pressure was lower than normal,Lubricant had degraded and contained contamination,Old contaminated grease was removed and fresh grease applied.,Lubrication system passed the functional check.
M17,6/26/2026,Bearing temperature was trending upward,Bearing showed early fatigue and dry spots,Bearing was cleaned and regreased; play was checked.,Spindle performance was restored after testing.
M17,8/25/2026,Operator noticed coolant around the side panel,Return hose had a small crack,Loose fitting was tightened and the sealing washer replaced.,Cooling system passed the pressure check.
M18,6/4/2025,Motor casing felt hotter than normal,Coolant flow to the heat exchanger was reduced,Air filter was changed and cabinet ventilation checked.,Cooling performance was restored and production resumed.
M18,8/1/2025,Motor tripped while accelerating,Feed mechanism had excessive mechanical resistance,Material buildup was removed and the moving assembly serviced.,Motor current returned to the expected range.
M18,9/9/2025,Grease level was found below the service mark,Grease interval had been exceeded,Lubrication line was flushed and pressure verified.,Lubrication pressure stabilized and alarm cleared.
M18,11/8/2025,Motor contactor was not switching reliably,A terminal connection was loose,"Communication connector was cleaned, reseated, and locked.",Control system remained stable during testing.
M18,12/27/2025,Surface finish deteriorated during machining,Cutting edge was chipped from extended high-load work,Damaged tool was replaced and spindle/tool height verified.,Machining resumed with normal tool-life readings.
M18,2/3/2026,Vibration sensor values were higher than expected,Sensor mounting had loosened and affected measurements,Sensor was recalibrated against a known reference.,Monitoring accuracy was restored.
M18,4/8/2026,Coolant level was falling faster than expected,Return hose had a small crack,Hose clamp and deteriorated seal were replaced.,No further seepage was found during inspection.
M18,6/2/2026,Operator reported a rough bearing sound,Bearing showed early fatigue and dry spots,The worn bearing was replaced and shaft condition verified.,Noise reduced and machine released for production.
M18,8/6/2026,Alignment check showed abnormal coupling movement,Pulley faces were not parallel,Drive train was realigned and test vibration measurements recorded.,Alignment was within tolerance after correction.
M18,9/13/2026,A rattling sound developed during acceleration,A mounting bolt had loosened,Worn coupling insert was replaced and alignment checked.,Post-repair vibration readings were acceptable.
M19,5/30/2025,Technician found dry grease around the bearing housing,A lubrication line was partially restricted,Reservoir was topped up with the specified lubricant.,Lubrication system passed the functional check.
M19,7/10/2025,Operator noticed coolant around the side panel,Hose clamp and seal had deteriorated,Pump mechanical seal was replaced and leakage checked.,No further seepage was found during inspection.
M19,8/17/2025,Pulley tracking was uneven,Pulley faces were not parallel,Coupling was realigned using a dial indicator and bolts retorqued.,No abnormal movement was observed afterward.
M19,9/29/2025,Drive current rose above the normal range,Feed mechanism had excessive mechanical resistance,Material buildup was removed and the moving assembly serviced.,Motor current returned to the expected range.
M19,11/24/2025,Vibration sensor values were higher than expected,Sensor calibration had shifted from the reference value,Sensor was recalibrated against a known reference.,Monitoring accuracy was restored.
M19,1/5/2026,Motor casing felt hotter than normal,Cooling fan performance had deteriorated,Cooling passages and fan guard were cleaned.,Thermal readings remained stable during the test cycle.
M19,2/27/2026,Cutting insert exceeded its wear limit,The insert had reached the programmed tool-life limit,New inserts were fitted and machining parameters reviewed.,New tool completed the verification cycle without abnormal wear.
M19,4/28/2026,Increased vibration was noticed at operating speed,Pulley balance was outside the acceptable range,Loose mounting hardware was secured and vibration readings repeated.,Noise was no longer present during the test run.
M19,6/19/2026,Slight play detected at the spindle bearing,Grease condition was poor and radial play was above the normal range,Bearing was cleaned and regreased; play was checked.,Noise reduced and machine released for production.
M19,7/28/2026,Machine stopped with an electrical fault indication,The communication connector had poor contact,Contactor was replaced and switching operation verified.,Electrical readings were within specification.
M20,5/27/2025,Slight play detected at the spindle bearing,Bearing showed early fatigue and dry spots,Bearing assembly was replaced after confirming excessive wear.,Bearing temperature returned to normal; monitoring continued.
M20,7/31/2025,Increased vibration was noticed at operating speed,Pulley balance was outside the acceptable range,Worn coupling insert was replaced and alignment checked.,Vibration fell back within the service limit.
M20,9/5/2025,Overload warning appeared under heavy load,Material buildup was restricting the moving assembly,Material buildup was removed and the moving assembly serviced.,Motor current returned to the expected range.
M20,10/25/2025,Load sensor output drifted from the reference,Sensor calibration had shifted from the reference value,Sensor was recalibrated against a known reference.,Monitoring accuracy was restored.
M20,12/18/2025,Motor casing felt hotter than normal,Cooling airflow was restricted by dust,Cooling fan assembly was replaced and airflow verified.,Cooling performance was restored and production resumed.
M20,2/10/2026,Surface finish deteriorated during machining,Tool offset had drifted after prolonged use,New inserts were fitted and machining parameters reviewed.,Surface finish was restored.
M20,4/2/2026,Machine alignment was outside the service tolerance,Drive coupling was offset from the motor shaft,Coupling was realigned using a dial indicator and bolts retorqued.,Vibration improved and the machine was returned to service.
M20,5/20/2026,Operator noticed coolant around the side panel,Pump seal was worn,Hose clamp and deteriorated seal were replaced.,No further seepage was found during inspection.
M20,7/20/2026,Motor contactor was not switching reliably,A cooling fan fuse had failed,Failed fuse was replaced and cabinet wiring inspected.,Control system remained stable during testing.
M20,9/3/2026,Technician found dry grease around the bearing housing,A lubrication line was partially restricted,Lubrication line was flushed and pressure verified.,Lubrication system passed the functional check.
